{
  "LinearSVC": {
    "macro_f1": 0.6419,
    "mcc": 0.6408,
    "per_class": {
      "Adalet ve Kalkınma Partisi": {
        "precision": 0.5838359469240049,
        "recall": 0.6019900497512438,
        "f1-score": 0.5927740355174526,
        "support": 804.0
      },
      "Bağımsız": {
        "precision": 0.6417322834645669,
        "recall": 0.657258064516129,
        "f1-score": 0.649402390438247,
        "support": 1736.0
      },
      "Cumhuriyet Halk Partisi": {
        "precision": 0.7538657064181318,
        "recall": 0.7947744528807503,
        "f1-score": 0.7737797586694206,
        "support": 4478.0
      },
      "Halkların Eşitlik ve Demokrasi Partisi": {
        "precision": 0.9364341085271318,
        "recall": 0.8891069676153092,
        "f1-score": 0.9121570601560534,
        "support": 2038.0
      },
      "Milliyetçi Hareket Partisi": {
        "precision": 0.5114942528735632,
        "recall": 0.3463035019455253,
        "f1-score": 0.41299303944315546,
        "support": 257.0
      },
      "Yeni Yol": {
        "precision": 0.6124031007751938,
        "recall": 0.5220264317180616,
        "f1-score": 0.5636147443519619,
        "support": 454.0
      },
      "İYİ Parti": {
        "precision": 0.6155088852988692,
        "recall": 0.5636094674556213,
        "f1-score": 0.5884169884169884,
        "support": 676.0
      },
      "accuracy": 0.7376232883271091,
      "macro avg": {
        "precision": 0.6650391834687802,
        "recall": 0.6250098479832343,
        "f1-score": 0.6418768595704686,
        "support": 10443.0
      },
      "weighted avg": {
        "precision": 0.7366928784010874,
        "recall": 0.7376232883271091,
        "f1-score": 0.7361586624072678,
        "support": 10443.0
      }
    }
  },
  "Logistic Regression": {
    "macro_f1": 0.623,
    "mcc": 0.6085,
    "per_class": {
      "Adalet ve Kalkınma Partisi": {
        "precision": 0.4537264537264537,
        "recall": 0.6890547263681592,
        "f1-score": 0.5471604938271605,
        "support": 804.0
      },
      "Bağımsız": {
        "precision": 0.5714914210294765,
        "recall": 0.7482718894009217,
        "f1-score": 0.6480419057121477,
        "support": 1736.0
      },
      "Cumhuriyet Halk Partisi": {
        "precision": 0.8364627498485766,
        "recall": 0.6167932112550245,
        "f1-score": 0.7100257069408741,
        "support": 4478.0
      },
      "Halkların Eşitlik ve Demokrasi Partisi": {
        "precision": 0.9469409853817,
        "recall": 0.8581943081452404,
        "f1-score": 0.9003861003861003,
        "support": 2038.0
      },
      "Milliyetçi Hareket Partisi": {
        "precision": 0.42574257425742573,
        "recall": 0.5019455252918288,
        "f1-score": 0.4607142857142857,
        "support": 257.0
      },
      "Yeni Yol": {
        "precision": 0.5112359550561798,
        "recall": 0.6013215859030837,
        "f1-score": 0.5526315789473685,
        "support": 454.0
      },
      "İYİ Parti": {
        "precision": 0.46105919003115264,
        "recall": 0.6568047337278107,
        "f1-score": 0.5417937766931056,
        "support": 676.0
      },
      "accuracy": 0.6904146318107823,
      "macro avg": {
        "precision": 0.6009513327615663,
        "recall": 0.667483711441724,
        "f1-score": 0.6229648354601489,
        "support": 10443.0
      },
      "weighted avg": {
        "precision": 0.7359613210163549,
        "recall": 0.6904146318107823,
        "f1-score": 0.700464490561778,
        "support": 10443.0
      }
    }
  },
  "Complement NB": {
    "macro_f1": 0.5986,
    "mcc": 0.5913,
    "per_class": {
      "Adalet ve Kalkınma Partisi": {
        "precision": 0.5214994487320838,
        "recall": 0.5883084577114428,
        "f1-score": 0.5528930450029222,
        "support": 804.0
      },
      "Bağımsız": {
        "precision": 0.6012396694214877,
        "recall": 0.6705069124423964,
        "f1-score": 0.6339869281045751,
        "support": 1736.0
      },
      "Cumhuriyet Halk Partisi": {
        "precision": 0.8051351351351351,
        "recall": 0.6652523447967843,
        "f1-score": 0.7285399853264857,
        "support": 4478.0
      },
      "Halkların Eşitlik ve Demokrasi Partisi": {
        "precision": 0.767043078209954,
        "recall": 0.8999018645731109,
        "f1-score": 0.8281779182659743,
        "support": 2038.0
      },
      "Milliyetçi Hareket Partisi": {
        "precision": 0.3975409836065574,
        "recall": 0.377431906614786,
        "f1-score": 0.3872255489021956,
        "support": 257.0
      },
      "Yeni Yol": {
        "precision": 0.49609375,
        "recall": 0.5594713656387665,
        "f1-score": 0.525879917184265,
        "support": 454.0
      },
      "İYİ Parti": {
        "precision": 0.5059760956175299,
        "recall": 0.5636094674556213,
        "f1-score": 0.5332400279916025,
        "support": 676.0
      },
      "accuracy": 0.6877334099396725,
      "macro avg": {
        "precision": 0.584932594388964,
        "recall": 0.617783188461844,
        "f1-score": 0.5985633386825745,
        "support": 10443.0
      },
      "weighted avg": {
        "precision": 0.6991382732306477,
        "recall": 0.6877334099396725,
        "f1-score": 0.6888913793432725,
        "support": 10443.0
      }
    }
  },
  "Stacking": {
    "macro_f1": 0.5016,
    "mcc": 0.3823,
    "per_class": {
      "Adalet ve Kalkınma Partisi": {
        "precision": 0.500669344042838,
        "recall": 0.4651741293532338,
        "f1-score": 0.48226950354609927,
        "support": 804.0
      },
      "Bağımsız": {
        "precision": 0.30319148936170215,
        "recall": 0.39400921658986177,
        "f1-score": 0.342685370741483,
        "support": 1736.0
      },
      "Cumhuriyet Halk Partisi": {
        "precision": 0.5182220349694544,
        "recall": 0.5493523894595802,
        "f1-score": 0.5333333333333333,
        "support": 4478.0
      },
      "Halkların Eşitlik ve Demokrasi Partisi": {
        "precision": 0.9023638232271326,
        "recall": 0.8616290480863592,
        "f1-score": 0.8815261044176707,
        "support": 2038.0
      },
      "Milliyetçi Hareket Partisi": {
        "precision": 0.43356643356643354,
        "recall": 0.24124513618677043,
        "f1-score": 0.31,
        "support": 257.0
      },
      "Yeni Yol": {
        "precision": 0.6068376068376068,
        "recall": 0.31277533039647576,
        "f1-score": 0.4127906976744186,
        "support": 454.0
      },
      "İYİ Parti": {
        "precision": 0.7756756756756756,
        "recall": 0.4245562130177515,
        "f1-score": 0.5487571701720841,
        "support": 676.0
      },
      "accuracy": 0.5520444316767212,
      "macro avg": {
        "precision": 0.5772180582401204,
        "recall": 0.4641059232985761,
        "f1-score": 0.5016231685550127,
        "support": 10443.0
      },
      "weighted avg": {
        "precision": 0.5745266615110671,
        "recall": 0.5520444316767212,
        "f1-score": 0.5559226444229314,
        "support": 10443.0
      }
    }
  },
  "CatBoost": {
    "macro_f1": 0.598,
    "mcc": 0.6019,
    "per_class": {
      "Adalet ve Kalkınma Partisi": {
        "precision": 0.5067385444743935,
        "recall": 0.7014925373134329,
        "f1-score": 0.5884194053208138,
        "support": 804.0
      },
      "Bağımsız": {
        "precision": 0.5339470655926352,
        "recall": 0.8018433179723502,
        "f1-score": 0.6410315450149666,
        "support": 1736.0
      },
      "Cumhuriyet Halk Partisi": {
        "precision": 0.867601778994184,
        "recall": 0.5663242518981688,
        "f1-score": 0.6853127955681665,
        "support": 4478.0
      },
      "Halkların Eşitlik ve Demokrasi Partisi": {
        "precision": 0.8788910505836576,
        "recall": 0.8866535819430814,
        "f1-score": 0.8827552515876893,
        "support": 2038.0
      },