,Adalet ve Kalkınma Partisi,Bağımsız,Cumhuriyet Halk Partisi,Halkların Eşitlik ve Demokrasi Partisi,Milliyetçi Hareket Partisi,Yeni Yol,İYİ Parti
Adalet ve Kalkınma Partisi,0.0,0.442412,0.504032,0.494046,0.415119,0.372578,0.351586
Bağımsız,0.442412,0.0,0.478182,0.489859,0.478162,0.441064,0.426482
Cumhuriyet Halk Partisi,0.504032,0.478182,0.0,0.531624,0.509198,0.513976,0.485055
Halkların Eşitlik ve Demokrasi Partisi,0.494046,0.489859,0.531624,0.0,0.504805,0.490559,0.490118
Milliyetçi Hareket Partisi,0.415119,0.478162,0.509198,0.504805,0.0,0.388285,0.407191
Yeni Yol,0.372578,0.441064,0.513976,0.490559,0.388285,0.0,0.389226
İYİ Parti,0.351586,0.426482,0.485055,0.490118,0.407191,0.389226,0.0
